,function_name,begin,end,type
0,remove_marked_cache_entries,3074457345618258674,3074457345618258675,AST
0,remove_marked_cache_entries,3074457345618258674,3074457345618258676,AST
0,remove_marked_cache_entries,3074457345618258674,3074457345618258747,AST
0,remove_marked_cache_entries,3074457345618258676,3074457345618258677,AST
0,remove_marked_cache_entries,3074457345618258676,3074457345618258678,AST
0,remove_marked_cache_entries,3074457345618258676,3074457345618258683,AST
0,remove_marked_cache_entries,3074457345618258676,3074457345618258684,AST
0,remove_marked_cache_entries,3074457345618258676,3074457345618258685,AST
0,remove_marked_cache_entries,3074457345618258676,3074457345618258686,AST
0,remove_marked_cache_entries,3074457345618258676,3074457345618258689,AST
0,remove_marked_cache_entries,3074457345618258676,3074457345618258734,AST
0,remove_marked_cache_entries,3074457345618258678,3074457345618258679,AST
0,remove_marked_cache_entries,3074457345618258678,3074457345618258680,AST
0,remove_marked_cache_entries,3074457345618258680,3074457345618258681,AST
0,remove_marked_cache_entries,3074457345618258680,3074457345618258682,AST
0,remove_marked_cache_entries,3074457345618258686,3074457345618258687,AST
0,remove_marked_cache_entries,3074457345618258686,3074457345618258688,AST
0,remove_marked_cache_entries,3074457345618258689,3074457345618258690,AST
0,remove_marked_cache_entries,3074457345618258689,3074457345618258695,AST
0,remove_marked_cache_entries,3074457345618258689,3074457345618258700,AST
0,remove_marked_cache_entries,3074457345618258689,3074457345618258702,AST
0,remove_marked_cache_entries,3074457345618258690,3074457345618258691,AST
0,remove_marked_cache_entries,3074457345618258690,3074457345618258692,AST
0,remove_marked_cache_entries,3074457345618258692,3074457345618258693,AST
0,remove_marked_cache_entries,3074457345618258692,3074457345618258694,AST
0,remove_marked_cache_entries,3074457345618258695,3074457345618258696,AST
0,remove_marked_cache_entries,3074457345618258695,3074457345618258697,AST
0,remove_marked_cache_entries,3074457345618258697,3074457345618258698,AST
0,remove_marked_cache_entries,3074457345618258697,3074457345618258699,AST
0,remove_marked_cache_entries,3074457345618258700,3074457345618258701,AST
0,remove_marked_cache_entries,3074457345618258702,3074457345618258703,AST
0,remove_marked_cache_entries,3074457345618258703,3074457345618258704,AST
0,remove_marked_cache_entries,3074457345618258703,3074457345618258711,AST
0,remove_marked_cache_entries,3074457345618258703,3074457345618258724,AST
0,remove_marked_cache_entries,3074457345618258704,3074457345618258705,AST
0,remove_marked_cache_entries,3074457345618258704,3074457345618258710,AST
0,remove_marked_cache_entries,3074457345618258705,3074457345618258706,AST
0,remove_marked_cache_entries,3074457345618258705,3074457345618258709,AST
0,remove_marked_cache_entries,3074457345618258706,3074457345618258707,AST
0,remove_marked_cache_entries,3074457345618258706,3074457345618258708,AST
0,remove_marked_cache_entries,3074457345618258711,3074457345618258712,AST
0,remove_marked_cache_entries,3074457345618258711,3074457345618258717,AST
0,remove_marked_cache_entries,3074457345618258711,3074457345618258721,AST
0,remove_marked_cache_entries,3074457345618258712,3074457345618258713,AST
0,remove_marked_cache_entries,3074457345618258712,3074457345618258714,AST
0,remove_marked_cache_entries,3074457345618258714,3074457345618258715,AST
0,remove_marked_cache_entries,3074457345618258714,3074457345618258716,AST
0,remove_marked_cache_entries,3074457345618258717,3074457345618258718,AST
0,remove_marked_cache_entries,3074457345618258718,3074457345618258719,AST
0,remove_marked_cache_entries,3074457345618258718,3074457345618258720,AST
0,remove_marked_cache_entries,3074457345618258721,3074457345618258722,AST
0,remove_marked_cache_entries,3074457345618258721,3074457345618258723,AST
0,remove_marked_cache_entries,3074457345618258724,3074457345618258725,AST
0,remove_marked_cache_entries,3074457345618258725,3074457345618258726,AST
0,remove_marked_cache_entries,3074457345618258726,3074457345618258727,AST
0,remove_marked_cache_entries,3074457345618258726,3074457345618258731,AST
0,remove_marked_cache_entries,3074457345618258727,3074457345618258728,AST
0,remove_marked_cache_entries,3074457345618258727,3074457345618258729,AST
0,remove_marked_cache_entries,3074457345618258729,3074457345618258730,AST
0,remove_marked_cache_entries,3074457345618258731,3074457345618258732,AST
0,remove_marked_cache_entries,3074457345618258731,3074457345618258733,AST
0,remove_marked_cache_entries,3074457345618258734,3074457345618258735,AST
0,remove_marked_cache_entries,3074457345618258734,3074457345618258736,AST
0,remove_marked_cache_entries,3074457345618258736,3074457345618258737,AST
0,remove_marked_cache_entries,3074457345618258736,3074457345618258742,AST
0,remove_marked_cache_entries,3074457345618258737,3074457345618258738,AST
0,remove_marked_cache_entries,3074457345618258737,3074457345618258741,AST
0,remove_marked_cache_entries,3074457345618258738,3074457345618258739,AST
0,remove_marked_cache_entries,3074457345618258738,3074457345618258740,AST
0,remove_marked_cache_entries,3074457345618258742,3074457345618258743,AST
0,remove_marked_cache_entries,3074457345618258742,3074457345618258746,AST
0,remove_marked_cache_entries,3074457345618258743,3074457345618258744,AST
0,remove_marked_cache_entries,3074457345618258743,3074457345618258745,AST
0,remove_marked_cache_entries,3074457345618258678,3074457345618258686,CFG
0,remove_marked_cache_entries,3074457345618258686,3074457345618258692,CFG
0,remove_marked_cache_entries,3074457345618258680,3074457345618258678,CFG
0,remove_marked_cache_entries,3074457345618258690,3074457345618258699,CFG
0,remove_marked_cache_entries,3074457345618258695,3074457345618258706,CFG
0,remove_marked_cache_entries,3074457345618258695,3074457345618258747,CFG
0,remove_marked_cache_entries,3074457345618258695,3074457345618258740,CFG
0,remove_marked_cache_entries,3074457345618258700,3074457345618258699,CFG
0,remove_marked_cache_entries,3074457345618258682,3074457345618258680,CFG
0,remove_marked_cache_entries,3074457345618258692,3074457345618258690,CFG
0,remove_marked_cache_entries,3074457345618258697,3074457345618258695,CFG
0,remove_marked_cache_entries,3074457345618258737,3074457345618258745,CFG
0,remove_marked_cache_entries,3074457345618258742,3074457345618258747,CFG
0,remove_marked_cache_entries,3074457345618258699,3074457345618258697,CFG
0,remove_marked_cache_entries,3074457345618258704,3074457345618258714,CFG
0,remove_marked_cache_entries,3074457345618258704,3074457345618258729,CFG
0,remove_marked_cache_entries,3074457345618258738,3074457345618258737,CFG
0,remove_marked_cache_entries,3074457345618258743,3074457345618258742,CFG
0,remove_marked_cache_entries,3074457345618258705,3074457345618258704,CFG
0,remove_marked_cache_entries,3074457345618258712,3074457345618258718,CFG
0,remove_marked_cache_entries,3074457345618258717,3074457345618258721,CFG
0,remove_marked_cache_entries,3074457345618258721,3074457345618258700,CFG
0,remove_marked_cache_entries,3074457345618258740,3074457345618258738,CFG
0,remove_marked_cache_entries,3074457345618258745,3074457345618258743,CFG
0,remove_marked_cache_entries,3074457345618258706,3074457345618258709,CFG
0,remove_marked_cache_entries,3074457345618258709,3074457345618258705,CFG
0,remove_marked_cache_entries,3074457345618258714,3074457345618258712,CFG
0,remove_marked_cache_entries,3074457345618258718,3074457345618258717,CFG
0,remove_marked_cache_entries,3074457345618258726,3074457345618258700,CFG
0,remove_marked_cache_entries,3074457345618258727,3074457345618258731,CFG
0,remove_marked_cache_entries,3074457345618258731,3074457345618258726,CFG
0,remove_marked_cache_entries,3074457345618258729,3074457345618258727,CFG
0,remove_marked_cache_entries,3074457345618258674,3074457345618258682,CFG
0,remove_marked_cache_entries,3074457345618258695,3074457345618258709,CDG
0,remove_marked_cache_entries,3074457345618258695,3074457345618258705,CDG
0,remove_marked_cache_entries,3074457345618258695,3074457345618258700,CDG
0,remove_marked_cache_entries,3074457345618258695,3074457345618258695,CDG
0,remove_marked_cache_entries,3074457345618258695,3074457345618258704,CDG
0,remove_marked_cache_entries,3074457345618258695,3074457345618258697,CDG
0,remove_marked_cache_entries,3074457345618258695,3074457345618258706,CDG
0,remove_marked_cache_entries,3074457345618258695,3074457345618258699,CDG
0,remove_marked_cache_entries,3074457345618258704,3074457345618258727,CDG
0,remove_marked_cache_entries,3074457345618258704,3074457345618258721,CDG
0,remove_marked_cache_entries,3074457345618258704,3074457345618258729,CDG
0,remove_marked_cache_entries,3074457345618258704,3074457345618258712,CDG
0,remove_marked_cache_entries,3074457345618258704,3074457345618258718,CDG
0,remove_marked_cache_entries,3074457345618258704,3074457345618258731,CDG
0,remove_marked_cache_entries,3074457345618258704,3074457345618258714,CDG
0,remove_marked_cache_entries,3074457345618258704,3074457345618258726,CDG
0,remove_marked_cache_entries,3074457345618258704,3074457345618258717,CDG
